{"cameraMode":{"drawMode":0,"name":"Shaded","section":"Shading Mode"},"sceneLighting":false,"audioPlay":false,"sceneViewState":{"showFog":true,"showMaterialUpdate":true,"showSkybox":false,"showFlares":true,"showImageEffects":true,"showParticleSystems":true},"in2DMode":false,"pivot":{"x":-0.17654484510421754,"y":0.9662221074104309,"z":0.0},"rotation":{"x":-0.031781721860170367,"y":0.038384538143873218,"z":-0.0012141313636675478,"w":-0.9987862706184387},"size":1.3342241048812867,"orthographic":false}