{"cameraMode":{"drawMode":0,"name":"Shaded","section":"Shading Mode"},"sceneLighting":true,"audioPlay":false,"sceneViewState":{"showFog":true,"showMaterialUpdate":true,"showSkybox":true,"showFlares":true,"showImageEffects":true,"showParticleSystems":true},"in2DMode":false,"pivot":{"x":1081.271240234375,"y":433.3297424316406,"z":-14.50732421875},"rotation":{"x":-0.0011905222199857236,"y":0.007180317305028439,"z":0.000013587427019956522,"w":1.0000122785568238},"size":699.6102905273438,"orthographic":false}