{"cameraMode":{"drawMode":0,"name":"Shaded","section":"Shading Mode"},"sceneLighting":true,"audioPlay":false,"sceneViewState":{"showFog":true,"showMaterialUpdate":true,"showSkybox":true,"showFlares":true,"showImageEffects":true,"showParticleSystems":true},"in2DMode":false,"pivot":{"x":912.300048828125,"y":244.09999084472657,"z":0.0},"rotation":{"x":0.015308915637433529,"y":0.008679408580064774,"z":-0.00012770765169989318,"w":0.9998835325241089},"size":346.01763916015627,"orthographic":false}